Start (MSK Time Zone),Duration (min),Title,Speakers,URL
20/07/2024 10:00:00,311,nibh ligula nec sem duis aliquam convallis nunc proin at,Geri Nurny,http://dagondesign.com/nibh/fusce/lacus/purus/aliquet/at/feugiat.json
17/07/2024 10:00:00,37,felis donec semper sapien a libero nam,Jeremie Grenshields,http://usa.gov/in.js
29/07/2024 10:00:00,438,nunc nisl duis bibendum felis sed interdum venenatis turpis,Kennedy Emberson,https://wikimedia.org/morbi/non/lectus/aliquam.html
08/07/2024 10:00:00,638,aenean fermentum donec ut mauris,Xenos Elvins,https://zimbio.com/dis/parturient/montes/nascetur/ridiculus.html
16/07/2024 10:00:00,101,ultrices libero non mattis pulvinar,Lezley Jannasch,http://bigcartel.com/at/dolor.jpg
20/07/2024 10:00:00,348,vestibulum ante ipsum primis in faucibus,Donavon Strafen,https://spotify.com/cubilia/curae/nulla/dapibus.js
28/07/2024 10:00:00,300,aenean sit amet justo morbi ut odio cras,Lacie Karlmann,http://nsw.gov.au/eros/viverra/eget/congue/eget/semper/rutrum.jsp
19/07/2024 10:00:00,267,risus dapibus augue vel accumsan tellus nisi eu,Darwin Aldington,https://goo.ne.jp/ut/rhoncus/aliquet/pulvinar/sed.json
03/07/2024 10:00:00,361,semper rutrum nulla nunc purus phasellus in felis donec semper,Bay Geerling,https://who.int/ultrices/posuere/cubilia/curae/mauris.html
09/07/2024 10:00:00,503,mauris non ligula pellentesque ultrices phasellus id sapien,Palmer Downer,https://telegraph.co.uk/ligula/suspendisse/ornare/consequat.png
08/07/2024 10:00:00,321,proin at turpis a pede posuere nonummy integer,Harrison Engelbrecht,http://skyrock.com/arcu.jpg
24/07/2024 10:00:00,302,orci luctus et ultrices posuere cubilia,Demetrius Talby,http://wisc.edu/donec/posuere/metus/vitae/ipsum.aspx
20/07/2024 10:00:00,429,sem fusce consequat nulla nisl,Johnathan Birchwood,http://cargocollective.com/quis.jpg
20/07/2024 10:00:00,136,volutpat sapien arcu sed augue aliquam,Brennan Aveson,https://nytimes.com/dis/parturient/montes.jpg
26/07/2024 10:00:00,192,quisque arcu libero rutrum ac lobortis vel dapibus at,Gavan Durgan,https://1688.com/mattis/pulvinar/nulla/pede/ullamcorper.xml
20/07/2024 10:00:00,332,vel lectus in quam fringilla,Barrett Catling,http://cnbc.com/libero/ut/massa/volutpat/convallis.js
17/07/2024 10:00:00,605,vestibulum ante ipsum primis in,Chelsea Pumfrey,https://goodreads.com/magna/bibendum/imperdiet/nullam/orci/pede.xml
10/07/2024 10:00:00,531,suspendisse potenti nullam porttitor lacus at turpis donec posuere metus,Shayne Eyree,https://sfgate.com/platea/dictumst/morbi/vestibulum/velit/id/pretium.aspx
03/07/2024 10:00:00,347,pulvinar nulla pede ullamcorper augue,Glennis Napton,http://state.gov/sapien/placerat/ante/nulla/justo/aliquam/quis.html
03/07/2024 10:00:00,556,varius ut blandit non interdum in,Andrus Lipman,http://issuu.com/penatibus/et/magnis/dis.html
03/07/2024 10:00:00,148,at vulputate vitae nisl aenean lectus pellentesque eget nunc donec,Chilton Tearny,https://wordpress.com/sem/duis/aliquam/convallis/nunc/proin.png
13/07/2024 10:00:00,281,mauris non ligula pellentesque ultrices phasellus id sapien in,Rupert Fewster,https://addtoany.com/vestibulum/sed.xml
28/07/2024 10:00:00,585,tempor turpis nec euismod scelerisque quam turpis adipiscing lorem,Lucio Standage,http://amazonaws.com/massa.aspx
08/07/2024 10:00:00,579,est et tempus semper est quam pharetra magna ac,Jermaine L' Estrange,http://hao123.com/neque/sapien/placerat/ante/nulla/justo.xml
05/07/2024 10:00:00,339,a suscipit nulla elit ac nulla sed vel,Aubrey Stookes,http://ifeng.com/viverra/eget/congue/eget/semper/rutrum/nulla.json
12/07/2024 10:00:00,139,nisl duis ac nibh fusce lacus purus aliquet at,Marin Dupoy,https://networkadvertising.org/eleifend/quam/a/odio/in/hac.html
25/07/2024 10:00:00,380,enim lorem ipsum dolor sit amet consectetuer adipiscing elit proin,Karlie Bache,https://studiopress.com/ridiculus.js
30/07/2024 10:00:00,537,consectetuer eget rutrum at lorem integer tincidunt,Gilbert Mainstone,http://pcworld.com/semper/rutrum/nulla/nunc/purus.html
24/07/2024 10:00:00,497,faucibus orci luctus et ultrices,Lurette Leahair,http://dagondesign.com/in.js
09/07/2024 10:00:00,539,congue vivamus metus arcu adipiscing molestie,Rayna Flintoft,http://angelfire.com/ac/nulla/sed.html
10/07/2024 10:00:00,87,nulla integer pede justo lacinia eget tincidunt eget,Borg Flaherty,http://senate.gov/pede/posuere/nonummy/integer/non/velit.xml
22/07/2024 10:00:00,634,eget eros elementum pellentesque quisque porta volutpat erat quisque erat,Lucien Lanchester,http://statcounter.com/diam/vitae/quam/suspendisse/potenti.aspx
12/07/2024 10:00:00,574,pretium nisl ut volutpat sapien arcu sed augue aliquam,Polly Emanson,http://discovery.com/blandit/mi/in/porttitor/pede/justo/eu.xml
07/07/2024 10:00:00,84,massa volutpat convallis morbi odio odio elementum eu,Hamlin Haker,http://princeton.edu/dapibus/dolor/vel/est/donec.jsp
17/07/2024 10:00:00,44,augue vestibulum ante ipsum primis in faucibus orci luctus et,Chrissie Shephard,http://photobucket.com/amet.aspx
10/07/2024 10:00:00,440,tincidunt eget tempus vel pede,Laina Atkins,https://opera.com/a/suscipit/nulla/elit/ac/nulla/sed.html
11/07/2024 10:00:00,614,sed accumsan felis ut at dolor quis,Gerome Beales,https://tumblr.com/ut/rhoncus.png
22/07/2024 10:00:00,9,orci luctus et ultrices posuere cubilia curae donec pharetra,Angela Spellacey,https://oracle.com/quam/pharetra/magna/ac/consequat.aspx
08/07/2024 10:00:00,85,proin at turpis a pede,Ramsay Vanyarkin,http://ebay.co.uk/donec/dapibus/duis/at.js
25/07/2024 10:00:00,305,consequat ut nulla sed accumsan felis ut at dolor,Quinn Case,https://bluehost.com/vivamus.json
08/07/2024 10:00:00,633,ut massa quis augue luctus tincidunt nulla,Bethina Fussen,http://usa.gov/platea/dictumst/morbi/vestibulum/velit/id/pretium.aspx
18/07/2024 10:00:00,678,integer aliquet massa id lobortis convallis tortor,Mirilla Fearnsides,http://ucla.edu/at.html
18/07/2024 10:00:00,447,orci pede venenatis non sodales sed tincidunt eu,Bevin Brackenridge,http://google.cn/velit/eu/est.json
12/07/2024 10:00:00,345,condimentum neque sapien placerat ante nulla justo aliquam quis turpis,Madlin Sydall,https://nsw.gov.au/interdum/in/ante/vestibulum/ante/ipsum.png
08/07/2024 10:00:00,83,sapien a libero nam dui proin,Nancie McCerery,http://jigsy.com/hac/habitasse/platea/dictumst.png
26/07/2024 10:00:00,38,vivamus vel nulla eget eros elementum pellentesque quisque porta volutpat,Tera Potteridge,http://google.it/vulputate.png
13/07/2024 10:00:00,535,tincidunt eget tempus vel pede morbi porttitor lorem id,Kinna Patters,https://51.la/posuere/metus/vitae/ipsum.jpg
12/07/2024 10:00:00,124,convallis nulla neque libero convallis eget eleifend luctus ultricies eu,Daryl Bullers,https://elegantthemes.com/pretium/quis/lectus/suspendisse/potenti.jpg
07/07/2024 10:00:00,131,phasellus id sapien in sapien iaculis,Julianne Martineau,https://hatena.ne.jp/turpis.jpg
11/07/2024 10:00:00,566,habitasse platea dictumst maecenas ut massa quis augue luctus,Rosaleen Castane,https://upenn.edu/dapibus/dolor.html
07/07/2024 10:00:00,472,primis in faucibus orci luctus et ultrices posuere cubilia curae,Axe Atmore,https://wordpress.com/eu/massa.json
15/07/2024 10:00:00,697,blandit mi in porttitor pede,Lynda Petrovic,https://whitehouse.gov/sem/fusce/consequat/nulla/nisl/nunc.png
10/07/2024 10:00:00,665,lectus aliquam sit amet diam in magna bibendum imperdiet,Greg Rooke,https://bandcamp.com/dis/parturient/montes/nascetur/ridiculus.png
09/07/2024 10:00:00,503,magnis dis parturient montes nascetur ridiculus,Analiese Falkingham,http://cloudflare.com/vel.jpg
07/07/2024 10:00:00,670,arcu adipiscing molestie hendrerit at vulputate vitae nisl,Gloria Stebbings,https://simplemachines.org/ut/dolor/morbi/vel/lectus/in.js
07/07/2024 10:00:00,284,tristique est et tempus semper est quam pharetra,Jessalin Fewell,https://yandex.ru/phasellus/id/sapien/in/sapien.html
15/07/2024 10:00:00,113,ipsum praesent blandit lacinia erat vestibulum sed magna at,Curry Sant,http://about.me/curae/donec/pharetra/magna.jsp
18/07/2024 10:00:00,81,amet lobortis sapien sapien non mi integer ac,Lucina Astin,http://amazon.com/ligula/suspendisse/ornare/consequat/lectus/in/est.js
10/07/2024 10:00:00,318,vestibulum vestibulum ante ipsum primis,Maureen Hovington,https://amazon.co.jp/mi/pede/malesuada/in/imperdiet/et.png
19/07/2024 10:00:00,44,donec ut dolor morbi vel lectus in,Eve Charette,http://edublogs.org/in/est/risus.png
02/07/2024 10:00:00,327,imperdiet et commodo vulputate justo in blandit,Giffy Topham,http://godaddy.com/ante/ipsum/primis.jsp
20/07/2024 10:00:00,672,sit amet erat nulla tempus vivamus in,Delcina Lordon,http://indiegogo.com/diam/nam/tristique.png
28/07/2024 10:00:00,42,libero nam dui proin leo odio porttitor id consequat,Reiko Shrive,https://stanford.edu/turpis/a.aspx
02/07/2024 10:00:00,637,nam dui proin leo odio porttitor id,Honey Hindmoor,https://theatlantic.com/primis.json
02/07/2024 10:00:00,130,sapien in sapien iaculis congue,Zachariah Guilford,https://cisco.com/dapibus/duis/at/velit/eu/est.html
22/07/2024 10:00:00,269,pulvinar lobortis est phasellus sit amet,Tudor Leverage,https://newsvine.com/nisi/nam/ultrices/libero/non/mattis/pulvinar.json
12/07/2024 10:00:00,199,sagittis dui vel nisl duis ac nibh,Isaiah Waison,https://a8.net/risus.xml
20/07/2024 10:00:00,659,aliquam quis turpis eget elit sodales scelerisque,Valli Brownsey,http://state.tx.us/ultrices/vel.aspx
06/07/2024 10:00:00,473,elementum pellentesque quisque porta volutpat erat quisque,Moyra Trusler,http://4shared.com/in.json
26/07/2024 10:00:00,198,leo maecenas pulvinar lobortis est phasellus sit amet,Cammi Portwaine,http://senate.gov/libero/quis/orci/nullam/molestie/nibh/in.json
30/07/2024 10:00:00,503,porttitor id consequat in consequat ut nulla sed accumsan,Robby Adamski,https://oaic.gov.au/ante/ipsum/primis/in/faucibus/orci.png
19/07/2024 10:00:00,239,molestie lorem quisque ut erat curabitur gravida nisi at,Francesca Willshear,http://devhub.com/dapibus/augue/vel/accumsan.html
15/07/2024 10:00:00,249,hac habitasse platea dictumst maecenas ut,Katuscha Winfindale,https://ameblo.jp/turpis/a/pede/posuere/nonummy/integer/non.json
13/07/2024 10:00:00,314,venenatis tristique fusce congue diam id ornare imperdiet sapien urna,Gunther Bernath,https://state.tx.us/ante.json
30/07/2024 10:00:00,647,ante ipsum primis in faucibus orci luctus et ultrices posuere,Maynard Castagno,http://adobe.com/accumsan/odio/curabitur/convallis.js
22/07/2024 10:00:00,31,libero non mattis pulvinar nulla pede ullamcorper augue a suscipit,Frank Wattingham,http://weebly.com/vestibulum/rutrum/rutrum/neque/aenean/auctor/gravida.jsp
20/07/2024 10:00:00,58,mattis odio donec vitae nisi nam ultrices,Jessa Tolson,http://privacy.gov.au/odio/curabitur/convallis/duis/consequat/dui/nec.jpg
11/07/2024 10:00:00,689,odio cras mi pede malesuada in imperdiet et commodo,Royce Delia,http://usatoday.com/accumsan/tellus/nisi/eu.png
19/07/2024 10:00:00,85,elementum in hac habitasse platea dictumst,Berton Steckings,https://wordpress.com/aenean/fermentum/donec/ut/mauris/eget.js
10/07/2024 10:00:00,562,bibendum felis sed interdum venenatis turpis enim blandit,Prescott Hothersall,http://psu.edu/nisi.js
05/07/2024 10:00:00,468,blandit lacinia erat vestibulum sed magna,Cecilio Le Huquet,https://yelp.com/cras/non/velit/nec/nisi.jpg
02/07/2024 10:00:00,528,eleifend pede libero quis orci nullam molestie nibh,Velma Goretti,https://accuweather.com/magna/bibendum/imperdiet/nullam/orci/pede.json
27/07/2024 10:00:00,670,accumsan felis ut at dolor quis odio,Arlin Bootherstone,http://wix.com/est/congue/elementum/in/hac.png
30/07/2024 10:00:00,512,quis tortor id nulla ultrices aliquet maecenas leo odio,Linc Balharrie,https://privacy.gov.au/neque/vestibulum.aspx
21/07/2024 10:00:00,107,id ligula suspendisse ornare consequat lectus in est risus auctor,Anya Pesterfield,https://thetimes.co.uk/nulla/tempus.html
04/07/2024 10:00:00,555,penatibus et magnis dis parturient montes,Kathleen Arlidge,http://fastcompany.com/parturient/montes/nascetur/ridiculus/mus/vivamus.aspx
02/07/2024 10:00:00,582,nisl aenean lectus pellentesque eget nunc,Chelsae Lowell,https://example.com/consequat/ut.xml
16/07/2024 10:00:00,163,a ipsum integer a nibh,Johnette Ormond,http://abc.net.au/morbi/a.jsp
11/07/2024 10:00:00,500,consequat varius integer ac leo pellentesque ultrices mattis,Albie Addicott,https://google.co.uk/in/hac/habitasse/platea.json
27/07/2024 10:00:00,515,tortor quis turpis sed ante vivamus tortor duis,Lowell Nano,https://altervista.org/rhoncus/aliquam/lacus/morbi.xml
15/07/2024 10:00:00,293,penatibus et magnis dis parturient montes,Carmelia Burrell,https://forbes.com/pretium/iaculis/justo/in/hac/habitasse/platea.xml
08/07/2024 10:00:00,54,eget tincidunt eget tempus vel pede morbi porttitor lorem,Gregorius Thieme,https://go.com/tortor/duis/mattis/egestas/metus/aenean/fermentum.json
29/07/2024 10:00:00,107,luctus et ultrices posuere cubilia,Inge Freckelton,https://nydailynews.com/leo/odio.aspx
09/07/2024 10:00:00,36,nibh in lectus pellentesque at nulla suspendisse potenti,Alix Dulinty,http://uol.com.br/et/ultrices/posuere/cubilia/curae.jsp
30/07/2024 10:00:00,302,nisl duis ac nibh fusce lacus purus aliquet at,Filip Brimmacombe,http://istockphoto.com/aliquam/convallis/nunc.js
15/07/2024 10:00:00,325,eleifend pede libero quis orci nullam molestie nibh in lectus,Torey Letrange,https://npr.org/diam/erat/fermentum/justo/nec/condimentum.jpg
27/07/2024 10:00:00,593,lacinia aenean sit amet justo,Darnell Littlekit,http://walmart.com/porta/volutpat/erat.xml
02/07/2024 10:00:00,515,ac est lacinia nisi venenatis tristique,Cherida Tripet,http://scientificamerican.com/vel/nisl/duis/ac/nibh.json
07/07/2024 10:00:00,569,vel accumsan tellus nisi eu orci mauris lacinia sapien quis,Karlyn Golland,http://posterous.com/rutrum/neque/aenean.jsp
05/07/2024 10:00:00,573,ipsum primis in faucibus orci luctus et ultrices,Hasty Vennings,http://prlog.org/ut/erat/curabitur/gravida.js
28/07/2024 10:00:00,441,posuere nonummy integer non velit donec diam,Georgeanne Gillanders,https://ed.gov/id/ligula/suspendisse/ornare.aspx
22/07/2024 10:00:00,258,dis parturient montes nascetur ridiculus mus,Malvina Cawley,http://foxnews.com/platea/dictumst/maecenas/ut/massa.aspx
05/07/2024 10:00:00,554,congue vivamus metus arcu adipiscing molestie hendrerit,Gray Jadczak,https://va.gov/venenatis/lacinia.png
18/07/2024 10:00:00,402,orci luctus et ultrices posuere,Paula Dorrell,http://goo.gl/cubilia/curae/nulla.png
14/07/2024 10:00:00,303,hendrerit at vulputate vitae nisl aenean,Zondra Keets,https://ca.gov/vel/augue/vestibulum.js
23/07/2024 10:00:00,534,ac neque duis bibendum morbi non quam nec dui luctus,Kyrstin Vockings,https://marketwatch.com/sed/tincidunt/eu/felis/fusce/posuere.js
29/07/2024 10:00:00,37,vel pede morbi porttitor lorem id ligula suspendisse ornare,Constancy Stookes,http://yellowpages.com/eget/semper/rutrum/nulla/nunc/purus/phasellus.json
29/07/2024 10:00:00,600,dis parturient montes nascetur ridiculus mus vivamus vestibulum,Geri Magowan,http://domainmarket.com/orci/luctus/et/ultrices/posuere/cubilia.xml
25/07/2024 10:00:00,222,potenti nullam porttitor lacus at turpis donec posuere metus vitae,Lynnett Loy,http://bbb.org/ultricies.js
02/07/2024 10:00:00,28,vestibulum ante ipsum primis in faucibus orci luctus et,Nanni Knox,https://clickbank.net/laoreet/ut/rhoncus.aspx
22/07/2024 10:00:00,681,ligula in lacus curabitur at,Jaquenetta Copcutt,http://domainmarket.com/quisque/ut.json
